{"cameraMode":{"drawMode":0,"name":"Shaded","section":"Shading Mode"},"sceneLighting":false,"audioPlay":false,"sceneViewState":{"m_AlwaysRefresh":false,"showFog":true,"showSkybox":false,"showFlares":true,"showImageEffects":true,"showParticleSystems":true,"showVisualEffectGraphs":true,"m_FxEnabled":true},"in2DMode":false,"pivot":{"x":1.4160127639770508,"y":0.1665721982717514,"z":-0.9398500323295593},"rotation":{"x":-0.046496737748384479,"y":0.002784420968964696,"z":-0.0002764082164503634,"w":-0.9989697337150574},"size":1.066109538078308,"orthographic":false}